原始来源,原始大小,原始SHA256,目标路径,处理
C:\zyh\work\漏洞整理\伽利略\Flask上传文件名路径穿越任意文件写-1\exploit.py,7402,31d381ac2431099a29327953c68c52fec7c64bbb7aac5d44fa1c2e13faabf903,工具\复现工具\其他机器人\GAL-001\exploit.py,文本脱敏后导入
C:\zyh\work\漏洞整理\伽利略\Flask管理后台未授权RCE-1\exploit.py,3250,8a4ab3c27bad681ba0f814897350b8232a2a84d1f79af35a37898487f6ec8688,工具\复现工具\其他机器人\GAL-002\exploit.py,文本脱敏后导入
C:\zyh\work\漏洞整理\伽利略\Flask管理后台未授权RCE-1\get_shell.py,5217,a9825daaeaa61b612ec0dcc6636b64d390c9b9c370cb6c5a60b8c88785c9a494,工具\复现工具\其他机器人\GAL-002\get_shell.py,文本脱敏后导入
C:\zyh\work\漏洞整理\伽利略\ONNX策略未签名供应链植入\exploit.py,8156,c290eea892e079fc669a4d2dcbcadeea254a7202789af9668b0a8b5f75cac415,工具\复现工具\其他机器人\GAL-003\exploit.py,文本脱敏后导入
C:\zyh\work\漏洞整理\伽利略\SHM预创建DoS与假传感器注入\exploit.py,8357,253a7f293602c5ef2295be31f7a8b4d6621f4e3fc98e78d0644abf28434cdf8d,工具\复现工具\其他机器人\GAL-004\exploit.py,文本脱敏后导入
C:\zyh\work\漏洞整理\伽利略\TCP8888网络手柄协议未授权接入与配置泄露-1\exploit.py,4678,04b5faad5fdd645c267f136d9bd7d2b2813c459237744b6a2c9c713ae0b9ea5c,工具\复现工具\其他机器人\GAL-005\exploit.py,文本脱敏后导入
C:\zyh\work\漏洞整理\伽利略\UDP10086命令处理栈溢出-1\exploit.py,7036,171de8f0bb26b70b444c48e70058b88d56124cf0e709c97ce1dcaa1748c772e4,工具\复现工具\其他机器人\GAL-006\exploit.py,文本脱敏后导入
C:\zyh\work\漏洞整理\伽利略\UDP10086命令处理栈溢出-1\observe.py,3042,7a02db82748a7ea0a52ce4c1772213150505e9d3ba46ab9f57adda4be1239355,工具\复现工具\其他机器人\GAL-006\observe.py,文本脱敏后导入
C:\zyh\work\漏洞整理\伽利略\UDP10086环形缓冲区反同步\exploit.py,9577,b17c3810bc638d595bb537d1a1fa5a2ba3892aa93ea3c7546a5304c172076615,工具\复现工具\其他机器人\GAL-007\exploit.py,文本脱敏后导入
C:\zyh\work\漏洞整理\伽利略\UDP10086空指针单包DoS\exploit.py,9618,80a9ae554f511f9508b5458eb2a0b63213465ef5e15acb786514d65b474c8bd8,工具\复现工具\其他机器人\GAL-008\exploit.py,文本脱敏后导入
C:\zyh\work\漏洞整理\伽利略\UDP10086网络接管协议未授权运动控制-1\exploit.py,6142,753e29004dcc3d27d4dcbdb635f38e63c7bae539e0edc80e8ec6ae4eb87967b0,工具\复现工具\其他机器人\GAL-009\exploit.py,文本脱敏后导入
C:\zyh\work\漏洞整理\伽利略\UDP10086网络接管协议未授权运动控制-1\poc_takeover.py,625,1c3a8d78ac068feb69ee737a432755bc0c47b1edce41a08ac747fd5a9c737f72,工具\复现工具\其他机器人\GAL-009\poc_takeover.py,文本脱敏后导入
C:\zyh\work\漏洞整理\伽利略\Werkzeug调试台PIN泄露RCE-2\exploit.py,5352,13524f155b54046d2d176aeff79211a5b4f68ae4e9f2badf36d700677300ea73,工具\复现工具\其他机器人\GAL-010\exploit.py,文本脱敏后导入
C:\zyh\work\漏洞整理\伽利略\WiFi连接接口命令注入与网络劫持-1\exploit.py,5237,6c85e37d90314d767d161b80071acfb8ca0c2a41499e38b2235a008e2bdb34c4,工具\复现工具\其他机器人\GAL-011\exploit.py,文本脱敏后导入
C:\zyh\work\漏洞整理\伽利略\ZMQ5555未授权RPC运动控制\exploit.py,8936,473d2fb1fa0cb6672737cad8f7e8c3010b02cf8ae277bc8baa6025fa80868ab7,工具\复现工具\其他机器人\GAL-012\exploit.py,文本脱敏后导入
C:\zyh\work\漏洞整理\伽利略\hostapd配置注入AP接管-2\exploit.py,6955,7c40f20820319df9f1cbb59654489b694f0fdd4c6192693f2da07588d51dae52,工具\复现工具\其他机器人\GAL-013\exploit.py,文本脱敏后导入
C:\zyh\work\漏洞整理\伽利略\mediamtx匿名发布驱逐摄像头-1\exploit.py,14054,2ecc07196007532b5268d5ae9559ca41486cd67a303a0293a24298a1b0fee680,工具\复现工具\其他机器人\GAL-014\exploit.py,文本脱敏后导入
C:\zyh\work\漏洞整理\伽利略\robot_env接口路径穿越读写\exploit.py,2464,b36941134cc2a6e3db6416b76ab3dbfffbc44a3c05431f9c432bc0feddab4ae7,工具\复现工具\其他机器人\GAL-015\exploit.py,文本脱敏后导入
C:\zyh\work\漏洞整理\伽利略\sudo免密提权root-1\exploit.py,2284,1fdcef727a79e9b71f090e6a601b3f1726f160388ef86b82e62d636c243a740c,工具\复现工具\其他机器人\GAL-016\exploit.py,文本脱敏后导入
C:\zyh\work\漏洞整理\伽利略\vis模型WebSocket13140未授权关节控制-1\exploit.py,8961,319c90b6ed57ee337c7d7ee3c0d07e5bb15a2c5f89ab68a66ec84d3ed6c4fe5e,工具\复现工具\其他机器人\GAL-017\exploit.py,文本脱敏后导入
C:\zyh\work\漏洞整理\伽利略\任意文件读取-1\exploit.py,2744,ff53e66184d1def6340be3b87f76c1ce81633e4eef54dcfb98e0fe2cdce09300,工具\复现工具\其他机器人\GAL-018\exploit.py,文本脱敏后导入
C:\zyh\work\漏洞整理\伽利略\任意文件读取-1\read_file.py,3254,bfe18f3479170993543113cf789a499e0c4efbd309a4fa1cf975f6e4d59a7c89,工具\复现工具\其他机器人\GAL-018\read_file.py,文本脱敏后导入
C:\zyh\work\漏洞整理\伽利略\官网Swagger接口文档未授权暴露-1\exploit.py,4522,7ad13e497da1a120076935b2c33b9f464d1cdbaddc1b2fbed84b86872b1d20f7,工具\复现工具\其他机器人\GAL-020\exploit.py,文本脱敏后导入
C:\zyh\work\漏洞整理\伽利略\日志接口路径穿越任意文件下载-1\exploit.py,4812,04d2dc568ab772832355706c2990a15afca3167ba30db8ab086f42f9da86fd9f,工具\复现工具\其他机器人\GAL-021\exploit.py,文本脱敏后导入
C:\zyh\work\漏洞整理\优必选人型\EtherCAT-FoE无签名固件刷写\scripts\exploit_foe_flash.py,4217,8c8ae8d117a293a896297e90e8a9558318d77352dc505b1bec85979c3539e73e,工具\复现工具\其他机器人\UBH-001\exploit_foe_flash.py,文本脱敏后导入
C:\zyh\work\漏洞整理\优必选人型\EtherCAT-任意SDO读写-无认证\scripts\exploit_sdo_readwrite.py,6584,6b76ca2ca62ca469ff9f237caae8762fabe9ea904f817ccf237638d8981e4ccc,工具\复现工具\其他机器人\UBH-002\exploit_sdo_readwrite.py,文本脱敏后导入
C:\zyh\work\漏洞整理\优必选人型\EtherCAT-原始关节指令无钳位\scripts\exploit_servo_cmd.py,4626,8a18d4661a21c60879c79a94f8076d55d8612b5d1c8f1b04592b6753eccb6c35,工具\复现工具\其他机器人\UBH-003\exploit_servo_cmd.py,文本脱敏后导入
C:\zyh\work\漏洞整理\优必选人型\FastAPI-5000无认证信息泄露与docs暴露-1\scripts\fastapi_info_leak.py,2625,94eb6bd7fcd7bb4d8ceed30c715cb849d17a8723a83f5ad0b6cb7a2b074f04db,工具\复现工具\其他机器人\UBH-004\fastapi_info_leak.py,文本脱敏后导入
C:\zyh\work\漏洞整理\优必选人型\agora-遥操作AppID硬编码云端注入\scripts\exploit_agora.py,3220,17ff266e9e9e75e02ba0b54ad1d2e8ae589647036978fad3507a64225becd0f8,工具\复现工具\其他机器人\UBH-005\exploit_agora.py,文本脱敏后导入
C:\zyh\work\漏洞整理\优必选人型\api-export路径穿越任意文件读到双板root-1\scripts\export_traversal.py,3572,97da4428d50312d17f040de8e72d805926ee15e54dc3b6e8c08dfce8eedbc261,工具\复现工具\其他机器人\UBH-006\export_traversal.py,文本脱敏后导入
C:\zyh\work\漏洞整理\优必选人型\api-expression管理-无认证上传篡改-lead-1\scripts\expression_probe.py,3031,53bbc9a7553c12d978f450fd547699a3aacb842b8dbd5503106e15810a50b311,工具\复现工具\其他机器人\UBH-007\expression_probe.py,文本脱敏后导入
C:\zyh\work\漏洞整理\优必选人型\api-rename-folder任意目录移动\scripts\rename_folder_poc.py,4788,d0fd9245e8ef57f0c92a58b701735a40840d3c0fb981f21d56eaea85630d9fa9,工具\复现工具\其他机器人\UBH-008\rename_folder_poc.py,文本脱敏后导入
C:\zyh\work\漏洞整理\优必选人型\api-sysupload任意路径写-宿主root-RCE\scripts\check_root_ssh.py,705,f79dfa9bad721655c9ec6b5c5a5b765efd7589f14b8e7f36476eeae76588b041,工具\复现工具\其他机器人\UBH-009\check_root_ssh.py,文本脱敏后导入
C:\zyh\work\漏洞整理\优必选人型\api-sysupload任意路径写-宿主root-RCE\scripts\vision_host_root_rce.py,9403,727c211774f2ca0351771130e586187821cfb40d766bb2e03e7225cd17a97252,工具\复现工具\其他机器人\UBH-009\vision_host_root_rce.py,文本脱敏后导入
C:\zyh\work\漏洞整理\优必选人型\api-sysupload任意路径写跨板SFTP-RCE-1\scripts\dump_backend_src.py,1610,742717f2d711b63e929d386ba53b73b3b386c13a7f9f231759dbd4f81e404842,工具\复现工具\其他机器人\UBH-010\dump_backend_src.py,文本脱敏后导入
C:\zyh\work\漏洞整理\优必选人型\api-sysupload任意路径写跨板SFTP-RCE-1\scripts\ssh_pass_probe.py,2471,7bfb4842eed79bec5685f214be31ac597cec04032bf069746a94f9a7e8d8cb54,工具\复现工具\其他机器人\UBH-010\ssh_pass_probe.py,文本脱敏后导入
C:\zyh\work\漏洞整理\优必选人型\api-sysupload任意路径写跨板SFTP-RCE-1\scripts\sysupload_rce.py,13542,76000d82892ac9465edacf1faf7a5002bf77d99caefc7ea064195ed2408b2385,工具\复现工具\其他机器人\UBH-010\sysupload_rce.py,文本脱敏后导入
C:\zyh\work\漏洞整理\优必选人型\cc_api-jsonrpc零认证远程控制\scripts\exploit_cc_api.py,4300,4d9bd3916e42c488ac9cd804a70eec0906ba86d0798a8bff91db392eec0ab836,工具\复现工具\其他机器人\UBH-011\exploit_cc_api.py,文本脱敏后导入
C:\zyh\work\漏洞整理\优必选人型\emb-request_shutdown一字节双板关机\scripts\exploit_shutdown.py,2855,a2b135964f723a710162952f61e7ef759b60d24c9edd7cfc98c3647a7e76ad3b,工具\复现工具\其他机器人\UBH-012\exploit_shutdown.py,文本脱敏后导入
C:\zyh\work\漏洞整理\优必选人型\emb-upgrade无签名MCU固件刷写\scripts\exploit_mcu_upgrade.py,3544,2cc90fa0263a7f9a9035f6bf1f1aef1d87a0ca1cb8f60f8b7ac938688dc7cc12,工具\复现工具\其他机器人\UBH-013\exploit_mcu_upgrade.py,文本脱敏后导入
C:\zyh\work\漏洞整理\优必选人型\executecmd-蓝牙技能system执行\scripts\exploit_executecmd.py,3913,0174c50ad1105dd6d212dd2d279d47e7d11549d5f9204680e86fe4ca97ea4b40,工具\复现工具\其他机器人\UBH-014\exploit_executecmd.py,文本脱敏后导入
C:\zyh\work\漏洞整理\优必选人型\jetson-启动链测试签名固件可重签\scripts\exploit_boot_sig.py,5854,344be58128b76d0e75d23441f8be5dda5e776221fa5092adefeace6382b44bbc,工具\复现工具\其他机器人\UBH-015\exploit_boot_sig.py,文本脱敏后导入
C:\zyh\work\漏洞整理\优必选人型\jetson-调试UART无认证root-shell\scripts\exploit_uart_bash.py,5057,263b76a18db66bfd08b6570ab66142714e5b5fec93f9245818c7d9fb6ffec2dc,工具\复现工具\其他机器人\UBH-016\exploit_uart_bash.py,文本脱敏后导入
C:\zyh\work\漏洞整理\优必选人型\list-files任意递归列目录全盘文件泄露-1到ssh\scripts\list_files_poc.py,2863,7d7dd772a55e005971b1b5df8a0b08441afff18ce00deea34dcc1b310888e5c3,工具\复现工具\其他机器人\UBH-017\list_files_poc.py,文本脱敏后导入
C:\zyh\work\漏洞整理\优必选人型\lora-ecc_control零认证RF命令帧\scripts\exploit_lora_rf.py,5422,845dc7cde1ffcc787026d36f9fac8d5d098d5be06b1b9ece9216faec31168da4,工具\复现工具\其他机器人\UBH-018\exploit_lora_rf.py,文本脱敏后导入
C:\zyh\work\漏洞整理\优必选人型\map_http_node-Zip-Slip任意文件写\scripts\exploit_zip_slip.py,4830,292c73a82c10cb88243d80fc9580b1701c2f6f3ba9ac59755cf5578d3f8ad122,工具\复现工具\其他机器人\UBH-019\exploit_zip_slip.py,文本脱敏后导入
C:\zyh\work\漏洞整理\优必选人型\motion-运动控制服务无认证与重放检查关闭\scripts\exploit_motion_svc.py,4301,3609355258b46ce9990e989c4e3bd8e289879239a48d7aec6be12a68b1a6f0db,工具\复现工具\其他机器人\UBH-020\exploit_motion_svc.py,文本脱敏后导入
C:\zyh\work\漏洞整理\优必选人型\mqtt-云端fileDownloadLink命令执行\scripts\exploit_mqtt.py,3752,27c62f5c24617218c14f78a2bbb15b3ff428979fe909ca9189be0bc9c0ba2dd4,工具\复现工具\其他机器人\UBH-021\exploit_mqtt.py,文本脱敏后导入
C:\zyh\work\漏洞整理\优必选人型\rosbridge-9090无认证订阅发布与服务调用-1\scripts\rosbridge_probe.py,3826,52c12b3e1a0bb975391e32e5089a2e10254c760d20ccd3de48b70ce7eebeb338,工具\复现工具\其他机器人\UBH-022\rosbridge_probe.py,文本脱敏后导入
C:\zyh\work\漏洞整理\优必选人型\udoke未授权WS终端容器Root-RCE-1\scripts\udoke_ws_terminal.py,4743,69d4892a0f344384315ea8929d78bc154953303369167819e072363d610cbb55,工具\复现工具\其他机器人\UBH-023\udoke_ws_terminal.py,文本脱敏后导入
C:\zyh\work\漏洞整理\优必选人型\voice-无认证语音服务与ASR堆越界读-1\scripts\exploit_voice.py,4940,047a1fffd718db42373f54b8f1002b51276e076bb6bd967a0db70d749474fa71,工具\复现工具\其他机器人\UBH-024\exploit_voice.py,文本脱敏后导入
C:\zyh\work\漏洞整理\优必选人型\wifi-set_ap命令注入到root\scripts\exploit_wifi_setap.py,4677,90394071f05c8f12b71c6ee2d495f35770319d3e0fe5814d12529b5ec8eb9c0f,工具\复现工具\其他机器人\UBH-025\exploit_wifi_setap.py,文本脱敏后导入
C:\zyh\work\漏洞整理\优必选人型\wifi-set_ap命令注入到root\scripts\setap_rce_shell.py,6637,63099d84f7a1889a600980d8d0c349c4310391de9839a5d4ef2a6c34b8fcc8b2,工具\复现工具\其他机器人\UBH-025\setap_rce_shell.py,文本脱敏后导入
C:\zyh\work\漏洞整理\优必选AI悟空EDU\云端仅凭SN获取全量固件\evidence\ota_firmware_query.py,2479,648720d8d6a568291999119d1aefa1598e9179f1d30b11ffcf7ba47a5a43f272,工具\复现工具\其他机器人\UBW-001\ota_firmware_query.py,文本脱敏后导入
C:\zyh\work\漏洞整理\优必选AI悟空EDU\云端任意机器人未授权控制\evidence\capture_getbindusers.py,1543,4477edf2ade9659a21582a1849a9976e90c584571e8215e924024e49fd1f7e12,工具\复现工具\其他机器人\UBW-002\capture_getbindusers.py,文本脱敏后导入
C:\zyh\work\漏洞整理\优必选AI悟空EDU\云端任意机器人未授权控制\evidence\ota_enum_products.py,3601,2180d8d4f649a617b85b9fe5cdf837dad9fad48752c444bd64a33274f2bbbde2,工具\复现工具\其他机器人\UBW-002\ota_enum_products.py,文本脱敏后导入
C:\zyh\work\漏洞整理\优必选AI悟空EDU\云端任意机器人未授权控制\evidence\ota_url_probe.py,1690,951db6d1058158e122f91676e1b751cbb0f85533326e29f7f35b56845c431397,工具\复现工具\其他机器人\UBW-002\ota_url_probe.py,文本脱敏后导入
C:\zyh\work\漏洞整理\优必选AI悟空EDU\云端任意机器人未授权控制\evidence\scan_online_sample.py,2246,0655b4abd37aa4dd1cda3618350286b237db10aae21dac35af28fcc5b2170080,工具\复现工具\其他机器人\UBW-002\scan_online_sample.py,文本脱敏后导入
C:\zyh\work\漏洞整理\优必选AI悟空EDU\云端任意机器人未授权控制\screenshots\make_screenshot.py,2050,548b81c5821d97a341ab4f72475f883d306a4e3a9fbef503b4176a202786b5fd,工具\复现工具\其他机器人\UBW-002\make_screenshot.py,文本脱敏后导入
C:\zyh\work\漏洞整理\优必选AI悟空EDU\云端任意机器人未授权控制\scripts\burp_gen_request.py,2451,e17a121a82b18898710afd0871ced55d165b6a3a942a13ad737f21dcb189a15b,工具\复现工具\其他机器人\UBW-002\burp_gen_request.py,文本脱敏后导入
C:\zyh\work\漏洞整理\优必选AI悟空EDU\云端任意机器人未授权控制\scripts\idor_probe.py,7826,353952cf0128b70fec24581adae58a4e89107acd86f07862f9e5a35a1b19d12f,工具\复现工具\其他机器人\UBW-002\idor_probe.py,文本脱敏后导入
C:\zyh\work\漏洞整理\优必选AI悟空EDU\云端任意机器人未授权控制\scripts\im_contact_pii.js,2534,c8e7c45273df6d2d63ecea0e2c15f655fa5699ffd8584131a6c8d5b01aa6dffa,工具\复现工具\其他机器人\UBW-002\im_contact_pii.js,文本脱敏后导入
C:\zyh\work\漏洞整理\优必选AI悟空EDU\云端任意机器人未授权控制\scripts\im_control_test.js,3848,3bd215ba8d9c2532b754375f72e8fb922ac6b5d9d07ade78e1cb378e82fb6aeb,工具\复现工具\其他机器人\UBW-002\im_control_test.js,文本脱敏后导入
C:\zyh\work\漏洞整理\优必选AI悟空EDU\云端任意机器人未授权控制\scripts\im_hijack_test.js,3385,291d744b05d5eb7466da6ce6cdcbf104de9553c203732649b8b00927dd9e166b,工具\复现工具\其他机器人\UBW-002\im_hijack_test.js,文本脱敏后导入
C:\zyh\work\漏洞整理\优必选AI悟空EDU\云端任意机器人未授权控制\scripts\im_rtav_test.js,3600,f69c0fe3dbdde09dc5fc5a2b378e69fa29a3f4a3214e19862252ec400e15099f,工具\复现工具\其他机器人\UBW-002\im_rtav_test.js,文本脱敏后导入
C:\zyh\work\漏洞整理\优必选AI悟空EDU\云端任意机器人未授权控制\scripts\im_send_test.js,2652,b946dcac820f0155c962a38568aa11cce2497bc5160e782ed4f3db465c34a6fd,工具\复现工具\其他机器人\UBW-002\im_send_test.js,文本脱敏后导入
C:\zyh\work\漏洞整理\优必选AI悟空EDU\云端任意机器人未授权控制\scripts\im_speak_test.js,3954,979294d8333b570648c840244f49d01b08bcb90fce72c5d30f485ff9be452fdb,工具\复现工具\其他机器人\UBW-002\im_speak_test.js,文本脱敏后导入
C:\zyh\work\漏洞整理\优必选AI悟空EDU\云端任意机器人未授权控制\scripts\im_tenant_login.js,1585,77bad9cec87691f33c9baf216945ba7bf51db010054edb15b3c429de8d4fb83b,工具\复现工具\其他机器人\UBW-002\im_tenant_login.js,文本脱敏后导入
C:\zyh\work\漏洞整理\优必选AI悟空EDU\云端任意机器人未授权控制\scripts\robot_ssh.py,1696,c7e80d898964a34b60e56b900777fc5603ecefc0eb048fbc047f3e5cd4521a6f,工具\复现工具\其他机器人\UBW-002\robot_ssh.py,文本脱敏后导入
C:\zyh\work\漏洞整理\优必选AI悟空EDU\云端任意机器人未授权控制\scripts\run_full_chain.js,4779,8af5125287013115c6fd86723a34696f2f58756d9117f1aed949489abe89eb8b,工具\复现工具\其他机器人\UBW-002\run_full_chain.js,文本脱敏后导入
C:\zyh\work\漏洞整理\优必选AI悟空EDU\云端任意机器人未授权控制\scripts\shim.js,912,c5d60e57b292727db53596468cf4ae925408c3cb180487f1133b5d257b31cc5d,工具\复现工具\其他机器人\UBW-002\shim.js,文本脱敏后导入
C:\zyh\work\漏洞整理\优必选AI悟空EDU\局域网内未授权LuaRCE漏洞\exploit.py,14776,65a33f1529f47695a284b9d9672281c661a6d0a4c1bbf2aa7659db98b86e2bcb,工具\复现工具\其他机器人\UBW-003\exploit.py,文本脱敏后导入
C:\zyh\work\漏洞整理\优必选AI悟空EDU\局域网内未授权LuaRCE漏洞\render_evidence_png.py,2921,9f50d32707690edc8a19ad4b09084350fcc1a350327025a94466390844ba88d7,工具\复现工具\其他机器人\UBW-003\render_evidence_png.py,文本脱敏后导入
C:\zyh\work\漏洞整理\优必选AI悟空EDU\局域网内未授权LuaRCE漏洞\lib\lan_channel_client.py,11460,8649a2c637e61b43e2488d3274521a1601c9d20c7812f89989a488de8062650e,工具\复现工具\其他机器人\UBW-003\lan_channel_client.py,文本脱敏后导入
C:\zyh\work\漏洞整理\优必选AI悟空EDU\局域网内未授权LuaRCE漏洞\lib\lan_discover.py,10241,887596e1dff247099230c63451708cc940f3ca265be0d904333a813ee18df2fb,工具\复现工具\其他机器人\UBW-003\lan_discover.py,文本脱敏后导入
C:\zyh\work\漏洞整理\优必选AI悟空EDU\局域网内未授权WS_RCE漏洞\exploit_ws.py,10976,c723409f7cbd64e783e92cba27c9fdf5b306d08eecc7e6d33b9558982c6775ec,工具\复现工具\其他机器人\UBW-004\exploit_ws.py,文本脱敏后导入
C:\zyh\work\漏洞整理\优必选AI悟空EDU\局域网内未授权WS_RCE漏洞\root_shell.py,4728,cdc5ba3688650248511e1891a7854d4acee978953d553eed00512c0fc069a25e,工具\复现工具\其他机器人\UBW-004\root_shell.py,文本脱敏后导入
C:\zyh\work\漏洞整理\优必选AI悟空EDU\局域网内未授权WS_RCE漏洞\sig_rootsh.py,1448,0e27a41872b4dd5f6d4e6038bba1c72b98dfa4bd212a9380d331d1d156b69557,工具\复现工具\其他机器人\UBW-004\sig_rootsh.py,文本脱敏后导入
C:\zyh\work\漏洞整理\优必选AI悟空EDU\局域网内未授权WS_RCE漏洞\sig_runner.py,2924,d28a668095b7bc8d707ce3e8026bd6cbc8b1b9ae739c6ca1fdf2f9124a6c4550,工具\复现工具\其他机器人\UBW-004\sig_runner.py,文本脱敏后导入
C:\zyh\work\漏洞整理\优必选AI悟空EDU\局域网内未授权WS_RCE漏洞\ws_action.py,4491,e53f502a6559ba5d0ecdad3ca7cc787978382c37ed222ad74d720a6a46ef1092,工具\复现工具\其他机器人\UBW-004\ws_action.py,文本脱敏后导入
C:\zyh\work\漏洞整理\优必选AI悟空EDU\局域网内未授权WS_RCE漏洞\ws_cmd.py,5946,7e39f52e7f37103de0c3a93ca8a71dcbf237b5c5592f720b288ca66fabe0c49c,工具\复现工具\其他机器人\UBW-004\ws_cmd.py,文本脱敏后导入
C:\zyh\work\漏洞整理\优必选AI悟空EDU\局域网内未授权WS_RCE漏洞\lib\lan_channel_client.py,11460,8649a2c637e61b43e2488d3274521a1601c9d20c7812f89989a488de8062650e,工具\复现工具\其他机器人\UBW-004\lan_channel_client.py,文本脱敏后导入
C:\zyh\work\漏洞整理\优必选AI悟空EDU\局域网内未授权WS_RCE漏洞\lib\lan_discover.py,10241,887596e1dff247099230c63451708cc940f3ca265be0d904333a813ee18df2fb,工具\复现工具\其他机器人\UBW-004\lan_discover.py,文本脱敏后导入
