原始来源,原始大小,原始SHA256,未提交原因
C:\zyh\work\漏洞整理\伽利略\Flask上传文件名路径穿越任意文件写-1\evidence\AUD-web-upload-filename-path-traversal.md,5739,55e6a1bc2786f0d0ae696f5cf98f855074651788713feb3ac5e33039cbeb214c,禁止进入 Git 的二进制、压缩包、凭据、缓存、依赖或大型证据
C:\zyh\work\漏洞整理\伽利略\Flask管理后台未授权RCE-1\evidence\get_functions.json,1599,dce1c5a5be43cc5c79d4ef9a82005509f63c39d2ddc5bcfbf5936d9f366c0483,禁止进入 Git 的二进制、压缩包、凭据、缓存、依赖或大型证据
C:\zyh\work\漏洞整理\伽利略\Flask管理后台未授权RCE-1\evidence\index_page.html,13868,60616c860b7ab4336f0dd62530c73ff428c669360b111ffb98af1ec206fc3ca0,禁止进入 Git 的二进制、压缩包、凭据、缓存、依赖或大型证据
C:\zyh\work\漏洞整理\伽利略\Flask管理后台未授权RCE-1\evidence\rce_verify.json,109,c2bde2b5c987a37b4ef0282f1631e6917593f2839b9c9fdbeb3950205a358da4,禁止进入 Git 的二进制、压缩包、凭据、缓存、依赖或大型证据
C:\zyh\work\漏洞整理\伽利略\ONNX策略未签名供应链植入\evidence\policy目录清单.txt,2796,3251fd961f9d275bb320011d6b75e07cde05ef132390aa6903dc6a5acf327afe,禁止进入 Git 的二进制、压缩包、凭据、缓存、依赖或大型证据
C:\zyh\work\漏洞整理\伽利略\SHM预创建DoS与假传感器注入\evidence\shm_channel_yaml.txt,387,879d8ab6ff7f9683df6686b001ce1db17c0cf27dd94437c15c24bb39226ac14d,禁止进入 Git 的二进制、压缩包、凭据、缓存、依赖或大型证据
C:\zyh\work\漏洞整理\伽利略\TCP8888网络手柄协议未授权接入与配置泄露-1\evidence\AUD-udp-gamepad-tcp8888-unauth.md,7890,6a7db2be80cb27c0eefd97d5e9a61a95b9ab98cd86a441038418757720670c7c,禁止进入 Git 的二进制、压缩包、凭据、缓存、依赖或大型证据
C:\zyh\work\漏洞整理\伽利略\TCP8888网络手柄协议未授权接入与配置泄露-1\evidence\parsePacket_disassembly.txt,7168,17c252c6df78ed08908b951cecf95ecd3e33ef6a6f0159ef541adbc7c21b24bf,禁止进入 Git 的二进制、压缩包、凭据、缓存、依赖或大型证据
C:\zyh\work\漏洞整理\伽利略\TCP8888网络手柄协议未授权接入与配置泄露-1\evidence\virtual_joystick_app_config.yaml,5205,6868464708f852c57fbd0627281a8d4b7b80e5ae680daa08d00d758781221b10,禁止进入 Git 的二进制、压缩包、凭据、缓存、依赖或大型证据
C:\zyh\work\漏洞整理\伽利略\UDP10086命令处理栈溢出-1\evidence\AUD-udp-cmdhandler-stack-smash.md,7896,89ecb579002e78b1f7f024c7eb9a5135abe7c3d2da8186670b44cb094aa9ea22,禁止进入 Git 的二进制、压缩包、凭据、缓存、依赖或大型证据
C:\zyh\work\漏洞整理\伽利略\UDP10086命令处理栈溢出-1\evidence\handler_disassembly.txt,8174,926e9de75fdbea609b9a39408cf0f999a2f0848c6b59a06fc5d081579ac90a17,禁止进入 Git 的二进制、压缩包、凭据、缓存、依赖或大型证据
C:\zyh\work\漏洞整理\伽利略\UDP10086命令处理栈溢出-1\evidence\processdata_dis.txt,11454,a608bb492d58d2932ab142e70c84d7e0f387e560ee977a85902de7ec74fb1747,禁止进入 Git 的二进制、压缩包、凭据、缓存、依赖或大型证据
C:\zyh\work\漏洞整理\伽利略\UDP10086命令处理栈溢出-1\evidence\实测复现证据_20260829.md,3431,a90e8839b33c0adb097f1b4df3645ac9e4d15c4660b9ace8701edbce82282881,禁止进入 Git 的二进制、压缩包、凭据、缓存、依赖或大型证据
C:\zyh\work\漏洞整理\伽利略\UDP10086环形缓冲区反同步\evidence\AUD-udp-ringbuf-desync.md,6128,8bc3c104515fb2533ac56d7c9caf45db27c11f67b05202a1b4c7f0e6827f0544,禁止进入 Git 的二进制、压缩包、凭据、缓存、依赖或大型证据
C:\zyh\work\漏洞整理\伽利略\UDP10086空指针单包DoS\evidence\指令级验证_20260829.md,2183,63db433d08f56372ee5bfbf91e8febf9e8fdba73e0fa435933b1c6972cb84eca,禁止进入 Git 的二进制、压缩包、凭据、缓存、依赖或大型证据
C:\zyh\work\漏洞整理\伽利略\UDP10086网络接管协议未授权运动控制-1\evidence\cmd_scan.txt,678,03fa218366ed8cca8a3ab7175cd3f65ccd09a413eb411415bbc608824dbe1d85,禁止进入 Git 的二进制、压缩包、凭据、缓存、依赖或大型证据
C:\zyh\work\漏洞整理\伽利略\UDP10086网络接管协议未授权运动控制-1\evidence\init_dis.txt,8334,e72f2b52ca7e5f73c74f7cde5f0f276c91fb35284d4db4c405e87d902a49f7e9,禁止进入 Git 的二进制、压缩包、凭据、缓存、依赖或大型证据
C:\zyh\work\漏洞整理\伽利略\UDP10086网络接管协议未授权运动控制-1\evidence\processdata_dis.txt,11454,a608bb492d58d2932ab142e70c84d7e0f387e560ee977a85902de7ec74fb1747,禁止进入 Git 的二进制、压缩包、凭据、缓存、依赖或大型证据
C:\zyh\work\漏洞整理\伽利略\UDP10086网络接管协议未授权运动控制-1\evidence\实测成功证据_20260829.md,1370,24c6d555047cf8b9cb4ac9b56672a845e3a0cfb5c24b43a329e979ed2783f3fd,禁止进入 Git 的二进制、压缩包、凭据、缓存、依赖或大型证据
C:\zyh\work\漏洞整理\伽利略\Werkzeug调试台PIN泄露RCE-2\evidence\pin_log_lines.txt,124,fb4883e76268d6fd096b79ced108fa6700e4116310b93a9cb52092d23632d9e3,禁止进入 Git 的二进制、压缩包、凭据、缓存、依赖或大型证据
C:\zyh\work\漏洞整理\伽利略\WiFi连接接口命令注入与网络劫持-1\evidence\modules_network_strings.txt,2020,2806265393eab343699f960ff5698ffbc5a801bbda417d9c6f3bf3872f9f0524,禁止进入 Git 的二进制、压缩包、凭据、缓存、依赖或大型证据
C:\zyh\work\漏洞整理\伽利略\WiFi连接接口命令注入与网络劫持-1\evidence\operation_log_injection_proof.txt,27578,3a1d55b9b62cdebe91b57149b3990073ca34c9171cc1b8e3d50ee136485ab4d6,禁止进入 Git 的二进制、压缩包、凭据、缓存、依赖或大型证据
C:\zyh\work\漏洞整理\伽利略\ZMQ5555未授权RPC运动控制\evidence\hermesmm.yaml,564,8eb65b917fcea2ebcd4762297fac9b01879cd4da59f82c2d302809f646a89d90,禁止进入 Git 的二进制、压缩包、凭据、缓存、依赖或大型证据
C:\zyh\work\漏洞整理\伽利略\ZMQ5555未授权RPC运动控制\evidence\strings_symbols.txt,24911,ef5e9fbe3bf91c010c85cfb0d05c78af394f3aa1a97363abbdcf4a59afbe9ab6,禁止进入 Git 的二进制、压缩包、凭据、缓存、依赖或大型证据
C:\zyh\work\漏洞整理\伽利略\ZMQ5555未授权RPC运动控制\evidence\wire格式还原与验证_20260829.md,2874,d023d5b6cad176fc599ed0e15f5ce934fac9bcf2654ee047ede735ebab9ac380,禁止进入 Git 的二进制、压缩包、凭据、缓存、依赖或大型证据
C:\zyh\work\漏洞整理\伽利略\hostapd配置注入AP接管-2\evidence\set_ssid_disassembly.txt,2839,d9b7bcba5f2299f2e26c64791c983c6f4d71847e5b3adcbb0e86d676dfa639c8,禁止进入 Git 的二进制、压缩包、凭据、缓存、依赖或大型证据
C:\zyh\work\漏洞整理\伽利略\mediamtx匿名发布驱逐摄像头-1\evidence\ev_front_1787980418_0.jpg,32248,e26308b7f436b21fa506993d5ff388151d7d270639c48c53c0de2b70234b8b8d,禁止进入 Git 的二进制、压缩包、凭据、缓存、依赖或大型证据
C:\zyh\work\漏洞整理\伽利略\mediamtx匿名发布驱逐摄像头-1\evidence\ev_front_1787980418_1.jpg,32489,2ec238606aa7c103b726620bb0dae873836d113038628a72a556a08b139a1c50,禁止进入 Git 的二进制、压缩包、凭据、缓存、依赖或大型证据
C:\zyh\work\漏洞整理\伽利略\mediamtx匿名发布驱逐摄像头-1\evidence\ev_front_1787980570_0.jpg,39140,c993d08dace0b2806ecd657b003bb3ddd6a0bf4d58578d082557dbc8f8a38aa4,禁止进入 Git 的二进制、压缩包、凭据、缓存、依赖或大型证据
C:\zyh\work\漏洞整理\伽利略\mediamtx匿名发布驱逐摄像头-1\evidence\mediamtx.yml,28112,144d243ce144f88e8c325998107d456e50f40a74acf2822fce45c687ae6d081a,禁止进入 Git 的二进制、压缩包、凭据、缓存、依赖或大型证据
C:\zyh\work\漏洞整理\伽利略\robot_env接口路径穿越读写\evidence\AUD-web-robot-env-path-traversal.md,4876,2f602fda4a1ecdb86cf9628a9e8ecf39070fa863fcdf3fe9dccc2da7b67f0d91,禁止进入 Git 的二进制、压缩包、凭据、缓存、依赖或大型证据
C:\zyh\work\漏洞整理\伽利略\robot_env接口路径穿越读写\evidence\实测复现证据_20260829.md,2631,9f1a64b80767e9a8def2708824ae8e035789d45e7af4390525047f01bee4ac6f,禁止进入 Git 的二进制、压缩包、凭据、缓存、依赖或大型证据
C:\zyh\work\漏洞整理\伽利略\sudo免密提权root-1\evidence\sudo_id_check.json,150,741e157ada7457016ec7361cbd78b063d0331d8d2fddd221a51e98fd994b5ff6,禁止进入 Git 的二进制、压缩包、凭据、缓存、依赖或大型证据
C:\zyh\work\漏洞整理\伽利略\vis模型WebSocket13140未授权关节控制-1\evidence\AUD-vislcm-ws-motion-control.md,9644,d51dbceec66653d3ce7bf7564984fb5b9ece1c357d634a235a74f54e7df3b5a5,禁止进入 Git 的二进制、压缩包、凭据、缓存、依赖或大型证据
C:\zyh\work\漏洞整理\伽利略\vis模型WebSocket13140未授权关节控制-1\evidence\非破坏性复现证据_20260829.md,4364,0189f5e6cdf313d6f728d8f2c2c657a21f768831c721a68e4edae00392996cd6,禁止进入 Git 的二进制、压缩包、凭据、缓存、依赖或大型证据
C:\zyh\work\漏洞整理\伽利略\任意文件读取-1\evidence\passwd_read.json,1304,b1e65a5343941d6329450c437f98c4228b04380dc4252dfa69fa5301a823adf4,禁止进入 Git 的二进制、压缩包、凭据、缓存、依赖或大型证据
C:\zyh\work\漏洞整理\伽利略\固件信息泄露-开发基础设施与人员身份-1\evidence\.bash_history,6990,63ce43c64f3f4d88058bf902e28e795daa8945be2669124d77a7a20540b0ae86,禁止进入 Git 的二进制、压缩包、凭据、缓存、依赖或大型证据
C:\zyh\work\漏洞整理\伽利略\固件信息泄露-开发基础设施与人员身份-1\evidence\authorized_keys_residual_backdoor.txt,553,068d3c89cf2584b67a55618a45f98c3cc5d8991b8f0db4a2daf190a8961305d5,禁止进入 Git 的二进制、压缩包、凭据、缓存、依赖或大型证据
C:\zyh\work\漏洞整理\伽利略\固件信息泄露-开发基础设施与人员身份-1\evidence\Readme-galileo-inter_1.0.44_prerelease_grq05w-v1d0-default_arm64.txt,2187,ffb4b01f9f858ce3a8a6d680a1fb7011c17727530d51507dfb52d89cc119c9ca,禁止进入 Git 的二进制、压缩包、凭据、缓存、依赖或大型证据
C:\zyh\work\漏洞整理\伽利略\固件信息泄露-开发基础设施与人员身份-1\evidence\viminfo_keys.txt,10414,7f4374a07ed0e04427c3a577a1c442b1a0f6ac07fc5c019d23f4f1d3c11b5ae6,禁止进入 Git 的二进制、压缩包、凭据、缓存、依赖或大型证据
C:\zyh\work\漏洞整理\伽利略\官网Swagger接口文档未授权暴露-1\evidence\endpoint_list_20260829.txt,4520,1cf30fc0bc59af1cc0891b981d37b98943c78657755735118afc223abc8a88fe,禁止进入 Git 的二进制、压缩包、凭据、缓存、依赖或大型证据
C:\zyh\work\漏洞整理\伽利略\官网Swagger接口文档未授权暴露-1\evidence\swagger-ui_index.html,3129,8c9c886b4d7acfad1c9ba3fce2c1262a1db73de3110aaa53a4653585f811d2a6,禁止进入 Git 的二进制、压缩包、凭据、缓存、依赖或大型证据
C:\zyh\work\漏洞整理\伽利略\官网Swagger接口文档未授权暴露-1\evidence\v3_api-docs_20260829.json,47177,f786870237af6ed163de11acc120f3ca3f8bc556cdca672968ad1fa216a07016,禁止进入 Git 的二进制、压缩包、凭据、缓存、依赖或大型证据
C:\zyh\work\漏洞整理\伽利略\日志接口路径穿越任意文件下载-1\evidence\etc_dir_listing.json,6748,6b2583a71a05becfaf70dc7f541f2aec53b5f35863fa1c5e71b7fb3f072f237d,禁止进入 Git 的二进制、压缩包、凭据、缓存、依赖或大型证据
C:\zyh\work\漏洞整理\伽利略\日志接口路径穿越任意文件下载-1\evidence\etc_passwd_downloaded.txt,1709,681df61bb20393c10cf1cb58d6f24368576f8392c3040f8dc451afa9a07e82ce,禁止进入 Git 的二进制、压缩包、凭据、缓存、依赖或大型证据
C:\zyh\work\漏洞整理\伽利略\日志接口路径穿越任意文件下载-1\evidence\operation_log_shadow_download.txt,1697,87d9f335c9684195e28035d6252093b7d9d5396e22d9729040a8e15dcf8694a2,禁止进入 Git 的二进制、压缩包、凭据、缓存、依赖或大型证据
C:\zyh\work\漏洞整理\优必选人型\EtherCAT-FoE无签名固件刷写\evidence\foe_flash_probe.txt,172,9f1ced42311be075356431ce2fc26d35a9dcd8dd653b3c8bf6c0b19fadd10195,禁止进入 Git 的二进制、压缩包、凭据、缓存、依赖或大型证据
C:\zyh\work\漏洞整理\优必选人型\EtherCAT-任意SDO读写-无认证\evidence\sdo_standby_probe.txt,449,86ae9aa9c82bedfd1a09a35af5ee618ecb66071c74ce90db58d3738ffc142aba,禁止进入 Git 的二进制、压缩包、凭据、缓存、依赖或大型证据
C:\zyh\work\漏洞整理\优必选人型\EtherCAT-原始关节指令无钳位\evidence\servo_cmd_standby_probe.txt,340,67cfbafa0f68904a4b57a4e7d5cf4d7d21881165cf2cf91845864faf855bea28,禁止进入 Git 的二进制、压缩包、凭据、缓存、依赖或大型证据
C:\zyh\work\漏洞整理\优必选人型\FastAPI-5000无认证信息泄露与docs暴露-1\evidence\fastapi_live.txt,1312,265e299904ac3947858d48c8f605c8f9dc9f270c251a29a2c8338929bdc19a57,禁止进入 Git 的二进制、压缩包、凭据、缓存、依赖或大型证据
C:\zyh\work\漏洞整理\优必选人型\agora-遥操作AppID硬编码云端注入\evidence\agora_creds.txt,173,04a48a7bb3b6213ae7a5dc35fca630fbf87d698668550a5453a61b8e3cfb7635,禁止进入 Git 的二进制、压缩包、凭据、缓存、依赖或大型证据
C:\zyh\work\漏洞整理\优必选人型\api-export路径穿越任意文件读到双板root-1\evidence\export_hostname_proof.md,1216,20d009fc4a7064d2f88db24b39b18f8c3835e064bb800205a1561dbb89b1816f,禁止进入 Git 的二进制、压缩包、凭据、缓存、依赖或大型证据
C:\zyh\work\漏洞整理\优必选人型\api-expression管理-无认证上传篡改-lead-1\evidence\expressions_live.json,760,5ab2903768739e850b16aba12192796e6650a3ac7f12c6d79bd673a47b25ae84,禁止进入 Git 的二进制、压缩包、凭据、缓存、依赖或大型证据
C:\zyh\work\漏洞整理\优必选人型\api-sysupload任意路径写-宿主root-RCE\evidence\backup_authorized_keys.host_root,111,f43659e899de15751bcc784c9cad501de655b2e70c694f5697d02897e0d718ca,禁止进入 Git 的二进制、压缩包、凭据、缓存、依赖或大型证据
C:\zyh\work\漏洞整理\优必选人型\api-sysupload任意路径写-宿主root-RCE\evidence\host_root_rce_2026-08-29.txt,2612,52ca118a60c0e4db1c1b8fbd64f9232106db11008f42f6fe39790c6504553fb1,禁止进入 Git 的二进制、压缩包、凭据、缓存、依赖或大型证据
C:\zyh\work\漏洞整理\优必选人型\api-sysupload任意路径写跨板SFTP-RCE-1\evidence\backend_source_dump.txt,48999,db8da9c7779a81d964fb356cf04362785e679825b0ecdfa342e0657f9956885c,禁止进入 Git 的二进制、压缩包、凭据、缓存、依赖或大型证据
C:\zyh\work\漏洞整理\优必选人型\api-sysupload任意路径写跨板SFTP-RCE-1\evidence\backup_authorized_keys.motion,552,ee7475543fa8dac7e3aa647a7a37494522e5066ab61376036c33ab4edf96c390,禁止进入 Git 的二进制、压缩包、凭据、缓存、依赖或大型证据
C:\zyh\work\漏洞整理\优必选人型\api-sysupload任意路径写跨板SFTP-RCE-1\evidence\rce_motion_shell_2026-08-29.txt,3394,c273e59998fa919b1bc92de1de14ded9c1ec431f7c2d3b11c50cf5cc4e9c0ac5,禁止进入 Git 的二进制、压缩包、凭据、缓存、依赖或大型证据
C:\zyh\work\漏洞整理\优必选人型\api-sysupload任意路径写跨板SFTP-RCE-1\scripts\rce_tmp_key.pem,1702,f926e6b8a2d131883e996d8082bc2f9a81f5a8dd65064734f1c00c191ef4f502,禁止进入 Git 的二进制、压缩包、凭据、缓存、依赖或大型证据
C:\zyh\work\漏洞整理\优必选人型\cc_api-jsonrpc零认证远程控制\evidence\cc_api_fingerprint.txt,129,dc02c1a1bb05c2a38140cfe49cdf30ea16a662d23ed25e5abebf1e58d821a5cc,禁止进入 Git 的二进制、压缩包、凭据、缓存、依赖或大型证据
C:\zyh\work\漏洞整理\优必选人型\emb-request_shutdown一字节双板关机\evidence\shutdown_0xAA.txt,173,6a6c012b67ff85f96c90898f706503b043615afbb2a22d622893d6e987e4e3bf,禁止进入 Git 的二进制、压缩包、凭据、缓存、依赖或大型证据
C:\zyh\work\漏洞整理\优必选人型\emb-upgrade无签名MCU固件刷写\evidence\mcu_upgrade_probe.txt,192,0a90bb596221950280904af419d11ee8cc68c2ca389cfa3f1892c9809a79dfad,禁止进入 Git 的二进制、压缩包、凭据、缓存、依赖或大型证据
C:\zyh\work\漏洞整理\优必选人型\executecmd-蓝牙技能system执行\evidence\executecmd_evidence.txt,254,fd39ae51d9aba65903783e590464c413345afae9b6651c57b48611147348adb9,禁止进入 Git 的二进制、压缩包、凭据、缓存、依赖或大型证据
C:\zyh\work\漏洞整理\优必选人型\jetson-启动链测试签名固件可重签\evidence\boot_sig_evidence.txt,417,f555c9f8d93fee5c550036ad63cdeaf70f247e183f2b265b3352f12c6f640120,禁止进入 Git 的二进制、压缩包、凭据、缓存、依赖或大型证据
C:\zyh\work\漏洞整理\优必选人型\jetson-启动链测试签名固件可重签\evidence\tegrabl_pkcs7.der,2773,402ca4541c61050e873261c61a21c23637d52d78f05cb35a8e688607940dd267,禁止进入 Git 的二进制、压缩包、凭据、缓存、依赖或大型证据
C:\zyh\work\漏洞整理\优必选人型\jetson-调试UART无认证root-shell\evidence\uart_shell_evidence.txt,1195,7f7a5efbe9d85904d91dc3666f4bb68523a50e9baf39c3f41dca66c12e82d4d1,禁止进入 Git 的二进制、压缩包、凭据、缓存、依赖或大型证据
C:\zyh\work\漏洞整理\优必选人型\list-files任意递归列目录全盘文件泄露-1到ssh\evidence\listfiles_live.txt,896,07fe6037b33a0cc5478115f10860d63c99c607a683a5dee289c100389788bb90,禁止进入 Git 的二进制、压缩包、凭据、缓存、依赖或大型证据
C:\zyh\work\漏洞整理\优必选人型\lora-ecc_control零认证RF命令帧\evidence\lora_frame_evidence.txt,205,9905459b7f251f920d41afaa2c81c593a4bff3081c20f660f27d5087693c6bf6,禁止进入 Git 的二进制、压缩包、凭据、缓存、依赖或大型证据
C:\zyh\work\漏洞整理\优必选人型\map_http_node-Zip-Slip任意文件写\evidence\zip_slip_evidence.txt,269,2b776121dd0ae72a0bd5fb365e3a7cc47e2eb70dc0ae3f695e3b18cc69ee8f19,禁止进入 Git 的二进制、压缩包、凭据、缓存、依赖或大型证据
C:\zyh\work\漏洞整理\优必选人型\motion-运动控制服务无认证与重放检查关闭\evidence\motion_services_enum.txt,63,c39642a584570d2f6725fd0d7a9047283cbc417ba7fe774184a47c26e7360172,禁止进入 Git 的二进制、压缩包、凭据、缓存、依赖或大型证据
C:\zyh\work\漏洞整理\优必选人型\mqtt-云端fileDownloadLink命令执行\evidence\mqtt_rc_payload.txt,302,50f56e7dd232152e9863ba09367c9210e7cd5368a744e4a40b1e8a8e09387b98,禁止进入 Git 的二进制、压缩包、凭据、缓存、依赖或大型证据
C:\zyh\work\漏洞整理\优必选人型\udoke未授权WS终端容器Root-RCE-1\evidence\verify_terminal_rce3.txt,7539,d152d62d134a6e2ca58a751973812e0ba6a3a64208a10b6813d901961e776ac1,禁止进入 Git 的二进制、压缩包、凭据、缓存、依赖或大型证据
C:\zyh\work\漏洞整理\优必选人型\voice-无认证语音服务与ASR堆越界读-1\evidence\voice_evidence.txt,300,058f944119690ed3f793904c17f5cfa50a29fd7596d4ff28365e25136c95867b,禁止进入 Git 的二进制、压缩包、凭据、缓存、依赖或大型证据
C:\zyh\work\漏洞整理\优必选人型\wifi-set_ap命令注入到root\evidence\wifi_setap_injection.txt,423,97be24fe66db9472c3f3b21e2b77549c73245f6cc082197230821f7ad5250fd3,禁止进入 Git 的二进制、压缩包、凭据、缓存、依赖或大型证据
C:\zyh\work\漏洞整理\优必选人型\wifi-set_ap命令注入到root\scripts\v1_tmp_key.pem,1702,e4196abd4ad2d47d45aa05d3e55089fbc72012320ec4bea39a3f94730aba14f8,禁止进入 Git 的二进制、压缩包、凭据、缓存、依赖或大型证据
C:\zyh\work\漏洞整理\优必选AI悟空EDU\云端仅凭SN获取全量固件\evidence\ota_full_enum_20260729.json,8882,5201aacbdb9ae0a8d0edcf8131cb1e4145ce093127090d3b0c29cfea754e2324,禁止进入 Git 的二进制、压缩包、凭据、缓存、依赖或大型证据
C:\zyh\work\漏洞整理\优必选AI悟空EDU\云端任意机器人未授权控制\AlphaMini_云IM链RCE_技术分析.html,25661,3e30d812fc45e28895d6497070b96feb3f2065c388dcdc615da5900a2e598775,禁止进入 Git 的二进制、压缩包、凭据、缓存、依赖或大型证据
C:\zyh\work\漏洞整理\优必选AI悟空EDU\云端任意机器人未授权控制\BURP_GUIDE.md,3923,57a9d4068641340c167d99b93fdaf5f9c762c5204efc78a0b1b2edcdb3d1c185,禁止进入 Git 的二进制、压缩包、凭据、缓存、依赖或大型证据
C:\zyh\work\漏洞整理\优必选AI悟空EDU\云端任意机器人未授权控制\evidence\evidence_im_chain_20260731.log,17394,0e011e69398d44e1d6a96d5f71747cf0eb01b1d9c90a18351515826058c3e140,禁止进入 Git 的二进制、压缩包、凭据、缓存、依赖或大型证据
C:\zyh\work\漏洞整理\优必选AI悟空EDU\云端任意机器人未授权控制\evidence\full_chain_run_20260731_124027.log,1013,d40ab9ae5ad1a570edbd09c9a1bb1999ebfcebc80eccc1d7ed532b3f30330b9f,禁止进入 Git 的二进制、压缩包、凭据、缓存、依赖或大型证据
C:\zyh\work\漏洞整理\优必选AI悟空EDU\云端任意机器人未授权控制\evidence\online_sample_scan_20260731_125356.log,1541,1fb21d4f7b2f7567a6979321ab7b7e8889431357d11c463cc596c0146f43f13d,禁止进入 Git 的二进制、压缩包、凭据、缓存、依赖或大型证据
C:\zyh\work\漏洞整理\优必选AI悟空EDU\云端任意机器人未授权控制\evidence\ota_enum_20260731_134711.json,7310,953e02e4241c85859c962fc477049a6a22dc8a73e7c4362c1ee036ce8ae53216,禁止进入 Git 的二进制、压缩包、凭据、缓存、依赖或大型证据
C:\zyh\work\漏洞整理\优必选AI悟空EDU\云端任意机器人未授权控制\evidence\ota_firmware_urls_verified.json,3367,62012e3d9035b889580e7c03759744ab990f8d69dc6ee771ab09ef6f976d8e89,禁止进入 Git 的二进制、压缩包、凭据、缓存、依赖或大型证据
C:\zyh\work\漏洞整理\优必选AI悟空EDU\云端任意机器人未授权控制\evidence\relation_getBindUsers_redacted.json,476,0629e5bc75b85e9f2823b45a0a6bf10612c690636981ece8e26117103e1228bc,禁止进入 Git 的二进制、压缩包、凭据、缓存、依赖或大型证据
C:\zyh\work\漏洞整理\优必选AI悟空EDU\云端任意机器人未授权控制\screenshots\00_highlights.png,163141,ab00756fb2bc49677d2774a4bc05e4bc03e5d29269d44b7195c5232c178d77f8,禁止进入 Git 的二进制、压缩包、凭据、缓存、依赖或大型证据
C:\zyh\work\漏洞整理\优必选AI悟空EDU\云端任意机器人未授权控制\screenshots\01_full_chain.png,132301,9f7fa5565adb84a187d9bd7290ee2f26ea772a714ba8aee4cfd780759428da54,禁止进入 Git 的二进制、压缩包、凭据、缓存、依赖或大型证据
C:\zyh\work\漏洞整理\优必选AI悟空EDU\云端任意机器人未授权控制\screenshots\02_owner_pii.png,58945,73494c0aabbb8799efec2221ca010836bcd58b2063274a049327d41fe81dcb75,禁止进入 Git 的二进制、压缩包、凭据、缓存、依赖或大型证据
C:\zyh\work\漏洞整理\优必选AI悟空EDU\云端任意机器人未授权控制\screenshots\03_online_enum.png,218794,da6ad77c5928dbb7e64efd8a22dbc624c06839441939b39d033263c9096d5f43,禁止进入 Git 的二进制、压缩包、凭据、缓存、依赖或大型证据
C:\zyh\work\漏洞整理\优必选AI悟空EDU\云端任意机器人未授权控制\screenshots\04_burp_repeater.png,91066,507d9914736ea56a0f8c081398640fa4f14784a2c38c13c5626410e7558b21b0,禁止进入 Git 的二进制、压缩包、凭据、缓存、依赖或大型证据
C:\zyh\work\漏洞整理\优必选AI悟空EDU\云端任意机器人未授权控制\screenshots\05_contact_pii.png,96756,fc5020aef66f150a254723e15f67c98f86424617ee482eaddaf70d61c14561d1,禁止进入 Git 的二进制、压缩包、凭据、缓存、依赖或大型证据
C:\zyh\work\漏洞整理\优必选AI悟空EDU\云端任意机器人未授权控制\screenshots\06_burp_real_getinfo.png,161706,7369d3ed22b7a0afa06819c1bfc8395dc8e829545bf2aedae0049894446a897f,禁止进入 Git 的二进制、压缩包、凭据、缓存、依赖或大型证据
C:\zyh\work\漏洞整理\优必选AI悟空EDU\云端任意机器人未授权控制\screenshots\07_burp_real_isonline.png,116396,585e1b770575ad5a578a3db3fbcd21c3fd0b0f168d6a553ae8385b4c913c0e42,禁止进入 Git 的二进制、压缩包、凭据、缓存、依赖或大型证据
C:\zyh\work\漏洞整理\优必选AI悟空EDU\云端任意机器人未授权控制\screenshots\08_burp_real_getbindusers_own.png,140209,18176de5d79b8c4bb7271b1224d594b526ac1ec543c83b1cd2fe2052f73c160e,禁止进入 Git 的二进制、压缩包、凭据、缓存、依赖或大型证据
C:\zyh\work\漏洞整理\优必选AI悟空EDU\云端任意机器人未授权控制\screenshots\09_burp_real_getbindusers_thirdparty.png,140197,51fa2b1dc0f3f9de8f85ed9259823617fb26995d8baf3b9cbcb6a57f6d3e9cf9,禁止进入 Git 的二进制、压缩包、凭据、缓存、依赖或大型证据
C:\zyh\work\漏洞整理\优必选AI悟空EDU\云端任意机器人未授权控制\screenshots\Screen Recording 2026-08-03 143826.mp4,152744105,021f53251eb9d1bfdaf085e3b56db8626ab761e0ed3a347ffb09f606e947e7e6,禁止进入 Git 的二进制、压缩包、凭据、缓存、依赖或大型证据
C:\zyh\work\漏洞整理\优必选AI悟空EDU\云端任意机器人未授权控制\scripts\config.example.json,1076,9b60b91189e70d9c15ff506d57ad0c3c429ac9aa0f232f613ae71c72c03c065e,禁止进入 Git 的二进制、压缩包、凭据、缓存、依赖或大型证据
C:\zyh\work\漏洞整理\优必选AI悟空EDU\云端任意机器人未授权控制\scripts\package-lock.json,19730,c13dde1dd81eb4bfba9b957129c878d45eb181c464ad957776deef809061446c,禁止进入 Git 的二进制、压缩包、凭据、缓存、依赖或大型证据
C:\zyh\work\漏洞整理\优必选AI悟空EDU\云端任意机器人未授权控制\scripts\package.json,295,f08c849110b065c3bfb7b6923306d7fa1370e280ec7d7aa593c537b01be4b6d3,禁止进入 Git 的二进制、压缩包、凭据、缓存、依赖或大型证据
C:\zyh\work\漏洞整理\优必选AI悟空EDU\局域网内未授权LuaRCE漏洞\evidence\01_发现与握手.png,85266,17ddc917b7e2f87a91f07858ad546fdcb24cb810faad11702a2c3bb319b7eb2e,禁止进入 Git 的二进制、压缩包、凭据、缓存、依赖或大型证据
C:\zyh\work\漏洞整理\优必选AI悟空EDU\局域网内未授权LuaRCE漏洞\evidence\02_system身份shell.png,57607,acaf5613c3190f42ae21a29a0d8f63262cbacafa4e4fe001f55bb0a7f16a77db,禁止进入 Git 的二进制、压缩包、凭据、缓存、依赖或大型证据
C:\zyh\work\漏洞整理\优必选AI悟空EDU\局域网内未授权LuaRCE漏洞\evidence\03_提权root.png,45564,81cac33ccbc67621615e614e07bf7f728efff86c239dd04b3442b0d431696991,禁止进入 Git 的二进制、压缩包、凭据、缓存、依赖或大型证据
C:\zyh\work\漏洞整理\优必选AI悟空EDU\局域网内未授权LuaRCE漏洞\evidence\2026-07-29_提权root证据.log,1003,5d4b53ad62ea656ed882bd861c3cccf38497dc4dbf1f5f86588dafbaf8425842,禁止进入 Git 的二进制、压缩包、凭据、缓存、依赖或大型证据
C:\zyh\work\漏洞整理\优必选AI悟空EDU\局域网内未授权LuaRCE漏洞\evidence\2026-07-29_首次复现证据.log,1018,b329e2cd58812e40be1b097dd6b2f97d427b0148fbf4c581c270c212aa89c1a7,禁止进入 Git 的二进制、压缩包、凭据、缓存、依赖或大型证据
C:\zyh\work\漏洞整理\优必选AI悟空EDU\局域网内未授权LuaRCE漏洞\evidence\exploit_run.log,1360,9da0a3b97ac54ad2dc344c584c3fe82c6b4f53876da105243ea2f17fbc469e7c,禁止进入 Git 的二进制、压缩包、凭据、缓存、依赖或大型证据
C:\zyh\work\漏洞整理\优必选AI悟空EDU\局域网内未授权LuaRCE漏洞\tools\mtk-su,65144,328632e853ff6427af9f35cb83a91d9e960f35d01188ee66d46ae9c7ce7c7827,禁止进入 Git 的二进制、压缩包、凭据、缓存、依赖或大型证据
C:\zyh\work\漏洞整理\优必选AI悟空EDU\局域网内未授权WS_RCE漏洞\evidence\exploit_ws_run.log,2752,9b42ed0782b202f56a9429925872a123784374576f1d091ab7c5acfd7c5fa5aa,禁止进入 Git 的二进制、压缩包、凭据、缓存、依赖或大型证据
C:\zyh\work\漏洞整理\优必选AI悟空EDU\局域网内未授权WS_RCE漏洞\evidence\Screen Recording 2026-07-29 174757.mp4,142303070,42a0f791977b61a37a1de7e65c31168cd9d2a2448f61180890a4e2c990690824,禁止进入 Git 的二进制、压缩包、凭据、缓存、依赖或大型证据
C:\zyh\work\漏洞整理\优必选AI悟空EDU\局域网内未授权WS_RCE漏洞\evidence\Screenshot 2026-07-29 175126.png,372407,9dd2000f496696af18c4f79d196c640c8e71697bb81f79065b0fedea02889207,禁止进入 Git 的二进制、压缩包、凭据、缓存、依赖或大型证据
C:\zyh\work\漏洞整理\优必选AI悟空EDU\局域网内未授权WS_RCE漏洞\tools\mtk-su,65144,328632e853ff6427af9f35cb83a91d9e960f35d01188ee66d46ae9c7ce7c7827,禁止进入 Git 的二进制、压缩包、凭据、缓存、依赖或大型证据
